variant,sourceModel,gameSeconds,reserveRawTroops,reservePeople,committedArmyPeople,totalArmyPeople,availablePeople,civilianPeople,militaryPeople,totalLiving,totalDead,gold,rawCapacity,growthRawPerTick,actualGrowthPeoplePerTick,trainedPeoplePerTick,growthReason,carryPermille
original-natural,original-natural,0,170000,17000,,,,,,,,400000,602377.2863019158,1187.9388618131052,,,,
original-natural,original-natural,10,295712,29571.2,,,,,,,,410000,602377.2863019158,1259.5900667310343,,,,
original-natural,original-natural,30,493098,49309.8,,,,,,,,430000,602377.2863019158,651.1218094365322,,,,
original-natural,original-natural,60,586753,58675.3,,,,,,,,460000,602377.2863019158,105.66019769490231,,,,
original-natural,original-natural,120,602052,60205.2,,,,,,,,520000,602377.2863019158,2.2413908754242584,,,,
original-normalized,original-normalized,0,170000,17000,,,,,,,,400000,982000,1368.4985688486486,,,,
original-normalized,original-normalized,10,330140,33014,,,,,,,,410000,982000,1779.3268841383979,,,,
original-normalized,original-normalized,30,672209,67220.9,,,,,,,,430000,982000,1418.8685193265555,,,,
original-normalized,original-normalized,60,919017,91901.7,,,,,,,,460000,982000,362.28269977972377,,,,
original-normalized,original-normalized,120,980174,98017.4,,,,,,,,520000,982000,11.008162544108927,,,,
reported,legacy-fixed,0,170000,17000,1000,18000,11200,970000,18800,1000000,0,400000,992000,20,,,,
reported,legacy-fixed,10,172000,17200,1000,18200,11400,969600,19000,1000000,0,409200,992000,20,,,,
reported,legacy-fixed,30,176000,17600,1000,18600,11800,968800,19400,1000000,0,427600,992000,20,,,,
reported,legacy-fixed,60,182000,18200,1000,19200,12400,967600,20000,1000000,0,455200,992000,20,,,,
reported,legacy-fixed,120,194000,19400,1000,20400,13600,965200,21200,1000000,0,510400,992000,20,,,,
repaired,stockpile-v1,0,170000,17000,1000,18000,11200,970000,18800,1000000,0,400000,992000,1368.4985688486368,0,0,,0
repaired,stockpile-v1,10,330190,33019,1000,34019,12009,953172,34819,1000000,0,376344,992000,1779.3863713237151,178,178,,674
repaired,stockpile-v1,30,672340,67234,1000,68234,12106,918860,69034,1000000,0,327720,992000,1418.469840688156,143,143,,18
repaired,stockpile-v1,60,919120,91912,1000,92912,12258,894030,93712,1000000,0,308060,992000,361.7197755437568,36,37,,844
repaired,stockpile-v1,120,980260,98026,1000,99026,12566,887608,99826,1000000,0,355216,992000,10.490376540925892,1,2,,219
