"run","initialPlayers","finalPlayers","p50Ms","p95Ms","p99Ms","producerP95Ms","producerTotalMs","systemsP95Ms","heapPeakBytes","rssPeakBytes","landQueries","landSearches","landVisited","landCacheHits","waterQueries","railQueries","stateHash","sourceHash","scenarioHash","sourceUnchanged"
"reported-mixed-1","294","268","20.686000000001513","100.7306000000026","154.07050000000163","11.833999999998923","1423.4139000000055","20.984199999998964","141735704","400175104","9633","6468","1444801","3050","971","4596","364226041","b76f47b090aa372de5c3e0be378fbe95e3f6e272f57275c0f8c06e6e2405a6e0","dc9636c7fa7200fcf9380f249f0dacae365fcb108d10bad1feac952128e0aac6","True"
"repaired-mixed-1","294","286","26.64640000000145","111.89360000000306","178.46089999999822","14.199799999998504","2620.318800000091","22.90480000000025","145169144","390860800","9427","5417","796699","3853","950","4500","2532359252","2adf32454c5f6314951f0ff3ec7e1c7bd3bf18caa3711095ab86401ed9217fd6","dc9636c7fa7200fcf9380f249f0dacae365fcb108d10bad1feac952128e0aac6","True"
"reported-mixed-2","294","268","18.63140000000203","94.1903999999995","167.82900000000518","11.54320000000007","1319.169200000013","18.31319999999687","143256376","382160896","9633","6468","1444801","3050","971","4596","364226041","b76f47b090aa372de5c3e0be378fbe95e3f6e272f57275c0f8c06e6e2405a6e0","dc9636c7fa7200fcf9380f249f0dacae365fcb108d10bad1feac952128e0aac6","True"
"repaired-mixed-2","294","286","26.386500000000524","113.59119999999984","170.86449999999968","14.451300000000629","2630.8858999999434","23.91229999999996","146306576","393453568","9427","5417","796699","3853","950","4500","2532359252","2adf32454c5f6314951f0ff3ec7e1c7bd3bf18caa3711095ab86401ed9217fd6","dc9636c7fa7200fcf9380f249f0dacae365fcb108d10bad1feac952128e0aac6","True"
"reported-low","294","279","8.936099999999897","64.57390000000032","126.37120000000141","6.709100000000035","822.9960999999421","6.634299999999712","140967752","371179520","3819","2665","340594","1118","1001","4587","1484842836","b76f47b090aa372de5c3e0be378fbe95e3f6e272f57275c0f8c06e6e2405a6e0","dc9636c7fa7200fcf9380f249f0dacae365fcb108d10bad1feac952128e0aac6","True"
"repaired-low","294","282","13.792699999998149","82.77189999999973","142.05010000000038","9.485900000000129","1630.64010000001","10.100000000002183","133342952","368173056","3959","2635","380451","1288","1000","4524","1071476040","2adf32454c5f6314951f0ff3ec7e1c7bd3bf18caa3711095ab86401ed9217fd6","dc9636c7fa7200fcf9380f249f0dacae365fcb108d10bad1feac952128e0aac6","True"
"reported-high","294","253","23.534100000000763","119.46140000000014","204.20739999999932","16.241399999998976","1847.9938000000238","23.85450000000128","142876632","385019904","11543","8049","1430030","3367","919","4529","1993887419","b76f47b090aa372de5c3e0be378fbe95e3f6e272f57275c0f8c06e6e2405a6e0","dc9636c7fa7200fcf9380f249f0dacae365fcb108d10bad1feac952128e0aac6","True"
"repaired-high","294","284","34.56169999999838","132.21640000000116","209.83359999999993","17.016700000000128","3167.011700000003","32.896600000000035","148719488","391438336","12304","7656","1415213","4470","965","4495","665103165","2adf32454c5f6314951f0ff3ec7e1c7bd3bf18caa3711095ab86401ed9217fd6","dc9636c7fa7200fcf9380f249f0dacae365fcb108d10bad1feac952128e0aac6","True"
"repaired-legacy","198","104","7.183000000000902","46.35830000000169","140.66909999999916","0","0","0","147823880","350154752","0","0","0","0","1311","4583","0","2adf32454c5f6314951f0ff3ec7e1c7bd3bf18caa3711095ab86401ed9217fd6","a7839a1b8c8f22feb7607c70b81131096b91db09963ab707a7aef8bffb1aa052","True"
