factionId,parentCountryId,name,areaKm2,tiles,capitalName,climates,exception
AFG,AFG,Afghanistan,641833.11,1801,Kabul,"arid,continental",
AGO-r01,AGO,Angola · Lunda Norte,634938.14,1539,Luanda,"tropical,temperate",parent total cannot form two minimum-sized regions
AGO-r02,AGO,Angola · Moxico,609734.31,1589,Moçâmedes,"tropical,temperate",parent total cannot form two minimum-sized regions
ALB,ALB,Albania,28372.56,83,Tirana,temperate,
AND,AND,Andorra,442.55,9,Andorra,"temperate,continental",
ARE,ARE,United Arab Emirates,71116.86,191,Abu Dhabi,arid,
ARG-r01,ARG,Argentina · Santa Cruz,929464.8,3159,Neuquén,arid,
ARG-r02,ARG,Argentina · Buenos Aires,925151.71,2752,Buenos Aires,"temperate,arid",
ARG-r03,ARG,Argentina · Salta,927845.91,2601,Rosario,"temperate,arid",
ARM,ARM,Armenia,29590.89,67,Yerevan,continental,
ATG,ATG,Antigua and Barbuda,431.41,11,Saint John's,tropical,
AUS-r01,AUS,Australia · Barkly,935408.98,2404,Cairns,"arid,tropical",
AUS-r02,AUS,Australia · Laverton,916945.98,2618,Perth,arid,
AUS-r03,AUS,Australia · Central Desert,930932.06,2477,Brisbane,arid,
AUS-r04,AUS,Australia · Wiluna,924338.35,2659,Mount Isa,arid,
AUS-r05,AUS,Australia · MacDonnell,959243.96,2694,Alice Springs,"arid,tropical",
AUS-r06,AUS,Australia · East Pilbara,939397.98,2758,Katherine,"arid,tropical",
AUS-r07,AUS,Australia · Ashmore and Cartier Islands,2.71,1,Ashmore and Cartier Islands centre,tropical,isolated administrative/overseas component smaller than the minimum; no arbitrary overseas merge
AUS-r08,AUS,Australia · Macquarie Island,99.99,5,Macquarie Island centre,polar,isolated administrative/overseas component smaller than the minimum; no arbitrary overseas merge
AUS-r09,AUS,Australia · New South Wales,1100343.76,3424,Canberra,"arid,temperate",
AUS-r10,AUS,Australia · South Australia,984545.86,3024,Adelaide,arid,
AUS-r11,AUS,Australia · Cocos,13.13,2,Cocos centre,tropical,isolated administrative/overseas component smaller than the minimum; no arbitrary overseas merge
AUS-r12,AUS,Australia · Christmas Island,129.99,3,Christmas Island centre,tropical,isolated administrative/overseas component smaller than the minimum; no arbitrary overseas merge
AUS-r13,AUS,Australia · Norfolk Island,41.09,2,Norfolk Island centre,tropical,isolated administrative/overseas component smaller than the minimum; no arbitrary overseas merge
AUT,AUT,Austria,84148.8,242,Vienna,continental,
AZE,AZE,Azerbaijan,86500.61,278,Baku,"arid,continental",
BDI,BDI,Burundi,27087.03,49,Bujumbura,"tropical,temperate",
BEL,BEL,Belgium,30740.26,84,Brussels,temperate,
BEN,BEN,Benin,116105.11,257,Cotonou,tropical,
BFA,BFA,Burkina Faso,272627.38,640,Ouagadougou,"arid,tropical",
BGD,BGD,Bangladesh,135340.81,342,Dhaka,"temperate,tropical",
BGR,BGR,Bulgaria,112612.47,343,Sofia,"temperate,continental",
BHR,BHR,Bahrain,540.44,11,Bahrain centre,arid,
BHS,BHS,The Bahamas,12639.42,116,Freeport,tropical,
BIH,BIH,Bosnia and Herzegovina,51789.4,149,Sarajevo,"temperate,continental",
BLR,BLR,Belarus,207560.23,785,Minsk,continental,
BLZ,BLZ,Belize,22705.0,59,Belmopan,tropical,
BOL,BOL,Bolivia,1086628.62,2744,Sucre,"tropical,arid",
BRA-r01,BRA,Brazil · Maranhão,943746.32,2145,São Luís,tropical,
BRA-r02,BRA,Brazil · Altamira,943756.14,2450,Manaus,tropical,
BRA-r03,BRA,Brazil · Mato Grosso,943770.76,2387,Cuiabá,tropical,
BRA-r04,BRA,Brazil · Roraima,944294.86,2247,Boa Vista,tropical,
BRA-r05,BRA,Brazil · Rondônia,944413.62,2542,Porto Velho,tropical,
BRA-r06,BRA,Brazil · Tocantins,943952.02,2470,Recife,"tropical,arid",
BRA-r07,BRA,Brazil · Minas Gerais,933411.5,2368,Brasília,tropical,
BRA-r08,BRA,Brazil · Bahia,947215.91,2672,São Paulo,"tropical,arid",
BRA-r09,BRA,Brazil · Mato Grosso do Sul,922389.23,2651,Porto Alegre,"temperate,tropical",
BRB,BRB,Barbados,387.84,9,Barbados centre,tropical,
BRN,BRN,Brunei,5647.2,15,Bandar Seri Begawan,tropical,
BTN,BTN,Bhutan,39811.29,88,Thimphu,"temperate,polar",
BWA,BWA,Botswana,579136.99,1484,Gaborone,arid,
CAF,CAF,Central African Republic,618323.4,1455,Bangui,tropical,
CAN-r01,CAN,"Canada · Keewatin, Unorganized",1013685.74,5603,Yellowknife,continental,
CAN-r02,CAN,"Canada · Kitikmeot, Unorganized",943934.6,7468,Cambridge Bay,"polar,continental",
CAN-r03,CAN,"Canada · Baffin, Unorganized",1024536.92,11117,Iqaluit,polar,
CAN-r04,CAN,Canada · Yukon,960186.45,5314,Whitehorse,continental,
CAN-r05,CAN,Canada · Alberta,960734.22,3904,Calgary,continental,
CAN-r06,CAN,Canada · Newfoundland and Labrador,1019361.06,4230,Montréal,continental,
CAN-r07,CAN,Canada · Nord-du-Québec,1018430.85,4637,Kuujjuarapik,continental,
CAN-r08,CAN,Canada · North / Nord,961527.25,4423,Regina,continental,
CAN-r09,CAN,Canada · British Columbia,943111.53,4374,Vancouver,continental,
CAN-r10,CAN,Canada · Ontario,1077536.91,4208,Ottawa,continental,
CHE,CHE,Switzerland,41316.27,111,Bern,"temperate,continental",
CHL,CHL,Chile,737679.75,2931,Santiago,"arid,temperate",
CHN-r01,CHN,People's Republic of China · Qiemoxian,1016382.27,3128,Shache,arid,
CHN-r02,CHN,People's Republic of China · Henan,1014456.93,3105,Shanghai,"temperate,arid",
CHN-r03,CHN,People's Republic of China · Qinghai,1021629.35,3084,Xining,"polar,arid",
CHN-r04,CHN,People's Republic of China · Sichuan,1023587.64,3037,Chengdu,"arid,continental",
CHN-r05,CHN,People's Republic of China · Guangxi,1010939.66,2878,Guangzhou,temperate,
CHN-r06,CHN,People's Republic of China · Yunnan,1004842.88,3028,Chongqing,"temperate,continental",
CHN-r07,CHN,People's Republic of China · Heilongjiang,1005866.38,3361,Beijing,continental,
CHN-r08,CHN,People's Republic of China · Tibet,1131637.63,3360,Lhasa,polar,
CHN-r09,CHN,People's Republic of China · Inner Mongolia,1144746.42,4097,Baotou,"arid,continental",
CIV,CIV,Ivory Coast,320933.69,783,Yamoussoukro,tropical,
CMR,CMR,Cameroon,463872.01,1121,Yaoundé,tropical,
COD-r01,COD,DR Congo · Orientale,1155308.9,2818,Kisangani,tropical,
COD-r02,COD,DR Congo · Katanga,1169139.42,2996,Kinshasa,tropical,
COG,COG,Republic of the Congo,345334.02,881,Brazzaville,tropical,
COL,COL,Colombia,1134460.65,2843,Bogota,tropical,
COM,COM,Comoros,1579.66,13,Moroni,tropical,
CPV,CPV,Cape Verde,3572.7,35,Cape Verde centre,arid,
CRI,CRI,Costa Rica,51303.36,139,San José,tropical,
CUB,CUB,Cuba,109007.7,383,Havana,tropical,
CYP,CYP,Cyprus,9177.88,42,Nicosia,temperate,
CZE,CZE,Czech Republic,78743.94,277,Prague,continental,
DEU,DEU,Germany,357460.84,1451,Berlin,"temperate,continental",
DJI,DJI,Djibouti,21618.95,48,Djibouti centre,arid,
DMA,DMA,Dominica,695.38,9,Roseau,tropical,
DNK-r01,DNK,Denmark · Central Denmark,42618.55,275,København,temperate,isolated administrative/overseas component smaller than the minimum; no arbitrary overseas merge
DNK-r02,DNK,Denmark · Eysturoy,1041.46,23,Eysturoy centre,"temperate,polar",isolated administrative/overseas component smaller than the minimum; no arbitrary overseas merge
DNK-r03,DNK,Denmark · Qaasuitsup,1290593.46,10505,Upernavik,polar,whole administrative units and contiguity prevent an in-range partition in the bounded search; no pinned reusable lower administrative input is available for this parent
DNK-r04,DNK,Denmark · Northeast Greenland National Park,880758.87,10913,Northeast Greenland National Park centre,polar,
DOM,DOM,Dominican Republic,48440.33,151,Santo Domingo,tropical,
DZA-r01,DZA,Algeria · Adrar,1159770.39,3170,Ghardaia,arid,
DZA-r02,DZA,Algeria · Tamanghasset,1159509.47,3330,Algiers,arid,
ECU,ECU,Ecuador,254528.72,668,Quito,tropical,
EGY,EGY,Egypt,1001779.07,2789,Cairo,arid,
ERI,ERI,Eritrea,123247.78,311,Asmara,arid,
ESP,ESP,Spain,506723.32,1730,Madrid,"temperate,arid",
EST,EST,Estonia,45697.9,241,Tallinn,continental,
ETH,ETH,Ethiopia,1127095.77,2794,Addis Ababa,"arid,tropical",
FIN,FIN,Finland,333375.62,1911,Helsinki,continental,
FJI,FJI,Fiji,18346.43,108,Suva,tropical,
FRA,FRA,France,657695.67,2520,Paris,"temperate,tropical",
FSM,FSM,Micronesia,521.86,10,Palikir,tropical,
GAB,GAB,Gabon,259499.95,711,Libreville,tropical,
GBR,GBR,United Kingdom,254158.11,1372,London,temperate,
GEO,GEO,Georgia,69413.08,228,Tbilisi,"continental,temperate",
GHA,GHA,Ghana,238558.54,634,Accra,tropical,
GIN,GIN,Guinea,243939.51,582,Nzérékoré,tropical,
GMB,GMB,The Gambia,10274.91,11,Banjul,"arid,tropical",
GNB,GNB,Guinea-Bissau,31931.42,101,Bissau,tropical,
GNQ,GNQ,Equatorial Guinea,26525.06,89,Malabo,tropical,
GRC,GRC,Greece,130274.28,631,Athens,temperate,
GRD,GRD,Grenada,284.91,9,Saint George's,tropical,
GTM,GTM,Guatemala,108101.83,261,Guatemala City,"tropical,temperate",
GUY,GUY,Guyana,211022.97,533,Georgetown,tropical,
HND,HND,Honduras,113108.32,293,Tegucigalpa,tropical,
HRV,HRV,Croatia,54540.73,228,Zagreb,temperate,
HTI,HTI,Haiti,26723.94,109,Port-au-Prince,tropical,
HUN,HUN,Hungary,93213.76,319,Budapest,"temperate,continental",
IDN-r01,IDN,Indonesia · Riau,669910.48,2099,Jakarta,tropical,connected component total cannot form two minimum-sized regions
IDN-r02,IDN,Indonesia · East Kalimantan,532555.56,1390,Bandjarmasin,tropical,isolated administrative/overseas component smaller than the minimum; no arbitrary overseas merge
IDN-r03,IDN,Indonesia · Papua,661445.27,2145,Makassar,tropical,connected component total cannot form two minimum-sized regions
IND-r01,IND,India · Madhya Pradesh,1049775.3,2663,Mumbai,"tropical,arid",
IND-r02,IND,India · Rajasthan,1064744.34,3028,New Delhi,"temperate,arid",
IND-r03,IND,India · Karnataka,1027076.0,3008,Kolkata,"tropical,temperate",
IND-r04,IND,India · Lakshadweep,20.97,4,Lakshadweep centre,tropical,isolated administrative/overseas component smaller than the minimum; no arbitrary overseas merge
IND-r05,IND,India · Andaman and Nicobar Islands,6642.91,52,Andaman and Nicobar Islands centre,tropical,isolated administrative/overseas component smaller than the minimum; no arbitrary overseas merge
IRL,IRL,Ireland,68981.45,364,Dublin,temperate,
IRN-r01,IRN,Iran · Kerman,812760.99,2321,Shiraz,arid,
IRN-r02,IRN,Iran · Razavi Khorasan,809084.65,2513,Tehran,arid,
IRQ,IRQ,Iraq,437232.83,1285,Baghdad,arid,
ISL,ISL,Iceland,101819.32,714,Reykjavík,polar,
ISR,ISR,Israel,22032.76,54,Jerusalem,"arid,temperate",
ITA,ITA,Italy,300793.53,1168,Rome,temperate,
JAM,JAM,Jamaica,10898.03,40,Kingston,tropical,
JOR,JOR,Jordan,88782.4,242,Amman,arid,
JPN,JPN,Japan,370274.63,1502,Tokyo,"temperate,continental",
KAS,KAS,Siachen Glacier,2118.13,11,Siachen Glacier,polar,
KAZ-r01,KAZ,Kazakhstan · Karaganda,904964.72,3223,Nur-Sultan,arid,
KAZ-r02,KAZ,Kazakhstan · Aktobe,933373.22,3476,Aqtobe,arid,
KAZ-r03,KAZ,Kazakhstan · East Kazakhstan,882370.49,3262,Almaty,arid,
KEN,KEN,Kenya,592189.91,1464,Nairobi,arid,
KGZ,KGZ,Kyrgyzstan,198928.3,667,Bishkek,"polar,continental",
KHM,KHM,Cambodia,180669.81,429,Phnom Penh,tropical,
KIR,KIR,Kiribati,933.38,37,Tarawa,tropical,
KNA,KNA,Saint Kitts and Nevis,232.17,9,Basseterre,tropical,
KOR,KOR,South Korea,97176.59,352,Seoul,"continental,temperate",
KOS,KOS,Kosovo,10929.6,26,Pristina,"temperate,continental",
KWT,KWT,Kuwait,17307.76,57,Kuwait City,arid,
LAO,LAO,Laos,228233.13,540,Vientiane,"tropical,temperate",
LBN,LBN,Lebanon,10009.01,31,Beirut,temperate,
LBR,LBR,Liberia,95252.12,261,Monrovia,tropical,
LBY-r01,LBY,Libya · Ajdabiya,816722.53,2323,Tripoli,arid,
LBY-r02,LBY,Libya · Kufra,807002.05,2270,Sabha,arid,
LCA,LCA,Saint Lucia,549.26,9,Castries,tropical,
LIE,LIE,Liechtenstein,138.34,9,Vaduz,"continental,temperate",
LKA,LKA,Sri Lanka,65763.59,197,Colombo,tropical,
LSO,LSO,Lesotho,29991.07,107,Maseru,temperate,
LTU,LTU,Lithuania,64816.66,280,Vilnius,continental,
LUX,LUX,Luxembourg,2620.66,20,Luxembourg,temperate,
LVA,LVA,Latvia,64578.77,323,Riga,continental,
MAR,MAR,Morocco,672340.22,1984,Rabat,arid,
MCO,MCO,Monaco,12.44,9,Monaco centre,temperate,
MDA,MDA,Moldova,33207.76,86,Chișinău,continental,
MDG,MDG,Madagascar,592828.71,1678,Antananarivo,"tropical,temperate",
MDV,MDV,Maldives,66.12,12,Malé,tropical,
MEX-r01,MEX,Mexico · Sonora,978475.03,2743,Mexico City,"arid,temperate",
MEX-r02,MEX,Mexico · Chihuahua,979406.89,2877,Monterrey,"arid,tropical",
MHL,MHL,Marshall Islands,236.43,13,Marshall Islands centre,tropical,
MKD,MKD,North Macedonia,25400.45,99,Skopje,"continental,temperate",
MLI-r01,MLI,Mali · Tombouctou,824767.57,2143,Gao,arid,
MLI-r02,MLI,Mali · Kayes,429352.24,1155,Bamako,"arid,tropical",parent total cannot form two minimum-sized regions
MLT,MLT,Malta,273.82,10,Valletta,temperate,
MMR,MMR,Myanmar,660975.35,1912,Naypyidaw,"tropical,temperate",
MNE,MNE,Montenegro,13689.7,56,Podgorica,"continental,temperate",
MNG-r01,MNG,Mongolia · Govi-Altai,780995.26,2728,Ulaanbaatar,"arid,continental",parent total cannot form two minimum-sized regions
MNG-r02,MNG,Mongolia · Ömnögovi,783517.75,3006,Choibalsan,arid,parent total cannot form two minimum-sized regions
MOZ,MOZ,Mozambique,788105.32,2027,Maputo,tropical,
MRT,MRT,Mauritania,1035383.86,2862,Nouakchott,arid,
MUS,MUS,Mauritius,1873.86,9,Port Louis,tropical,
MWI,MWI,Malawi,119343.99,314,Lilongwe,"tropical,temperate",
MYS,MYS,Malaysia,326202.36,937,Kuala Lumpur,tropical,
NAM,NAM,Namibia,822547.44,2301,Windhoek,arid,
NER,NER,Niger,1181201.33,3101,Niamey,arid,
NGA,NGA,Nigeria,907835.56,2408,Abuja,"tropical,arid",
NIC,NIC,Nicaragua,128749.65,385,Managua,tropical,
NLD,NLD,Netherlands,37901.93,222,Amsterdam,temperate,
NOR,NOR,Norway,386809.31,3195,Oslo,"continental,polar",
NPL,NPL,Nepal,146977.04,484,Kathmandu,"temperate,polar",
NRU,NRU,Nauru,27.67,9,Nauru centre,tropical,
NZL,NZL,New Zealand,267505.83,1084,Wellington,temperate,
OMN,OMN,Oman,311194.55,873,Muscat,arid,
PAK,PAK,Pakistan,872783.01,2700,Islamabad,arid,
PAN,PAN,Panama,73934.84,257,Panama City,tropical,
PER-r01,PER,Peru · Madre de Dios,644796.59,1667,Lima,"polar,arid",parent total cannot form two minimum-sized regions
PER-r02,PER,Peru · Loreto,646224.49,1801,Iquitos,tropical,parent total cannot form two minimum-sized regions
PHL,PHL,Philippines,289182.38,1109,Manila,tropical,
PLW,PLW,Palau,339.17,11,Melekeok,tropical,
PNG,PNG,Papua New Guinea,462299.19,1395,Port Moresby,tropical,
POL,POL,Poland,313763.21,1297,Warsaw,continental,
PRK,PRK,North Korea,122627.94,471,Pyongyang,continental,
PRT,PRT,Portugal,90846.58,378,Portugal centre,temperate,
PRY,PRY,Paraguay,399949.39,1163,Asunción,"tropical,temperate",
PSX,PSX,Palestine,6328.73,33,Palestine,"temperate,arid",
QAT,QAT,Qatar,11051.68,37,Doha,arid,
ROU,ROU,Romania,236340.05,857,Bucharest,continental,
RUS-r01,RUS,Russia · Yamalo-Nenets Autonomous Okrug,897215.37,5558,Tazovsky Rayon centre,continental,
RUS-r02,RUS,Russia · Khabarovsk Krai,989466.93,4105,Vladivostok,continental,
RUS-r03,RUS,Russia · Olenyoksky Ulus,987739.35,5524,Yakutsk,continental,
RUS-r04,RUS,Russia · Irkutsk,1001112.54,4209,Krasnoyarsk,continental,
RUS-r05,RUS,Russia · Zabaykalsky Krai,994113.17,4366,Ulan-Ude,continental,
RUS-r06,RUS,Russia · Amur,1048451.81,5159,Blagoveshchensk,continental,
RUS-r07,RUS,Russia · Bulunsky Ulus,1025508.86,6950,Ust-Nera,continental,
RUS-r08,RUS,Russia · Taymyrsky Dolgano-Nenetsky District,900322.56,8260,Norilsk,"continental,polar",
RUS-r09,RUS,Russia · Khanty-Mansi Autonomous Okrug,1010625.63,4935,Novokuznetsk,continental,
RUS-r10,RUS,Russia · Evenkiysky Rayon,1000348.48,5927,городской округ Ачинск centre,continental,
RUS-r11,RUS,Russia · Chukotka Autonomous Okrug,1026129.04,7111,Chokurdakh,"continental,polar",
RUS-r12,RUS,Russia · Magadan,1012754.37,5608,Petropavlovsk-Kamchatsky,continental,
RUS-r13,RUS,Russia · Orenburg,1003649.55,3852,Chelyabinsk,"arid,continental",
RUS-r14,RUS,Russia · Kaliningrad,13515.64,85,Kaliningrad,continental,isolated administrative/overseas component smaller than the minimum; no arbitrary overseas merge
RUS-r15,RUS,Russia · Arkhangelsk,983902.8,6637,St.  Petersburg,continental,
RUS-r16,RUS,Russia · Vologda,995162.91,4380,Moscow,continental,
RUS-r17,RUS,Russia · Komi Republic,1002554.02,5340,Samara,continental,
RUS-r18,RUS,Russia · Sverdlovsk,1080941.6,5125,Novosibirsk,continental,
RWA,RWA,Rwanda,25272.6,67,Kigali,"tropical,temperate",
SAU-r01,SAU,Saudi Arabia · Eastern,961919.86,2624,Najran centre,arid,
SAU-r02,SAU,Saudi Arabia · Riyadh,959646.7,2759,Riyadh,arid,
SDN-r01,SDN,Sudan · North Darfur,927928.87,2282,Al-Ubayyid,arid,
SDN-r02,SDN,Sudan · Northern,928743.55,2598,Khartoum,arid,
SDS,SDS,South Sudan,621326.94,1651,South Sudan,tropical,
SEN,SEN,Senegal,196609.12,584,Dakar,"arid,tropical",
SGP,SGP,Singapore,482.78,9,Singapore,tropical,
SLB,SLB,Solomon Islands,25632.88,161,Honiara,tropical,
SLE,SLE,Sierra Leone,71575.74,214,Freetown,tropical,
SLV,SLV,El Salvador,20315.27,69,San Salvador,tropical,
SMR,SMR,San Marino,68.39,9,San Marino,temperate,
SOM,SOM,Somalia,639351.97,1718,Mogadishu,arid,
SRB,SRB,Serbia,77647.94,325,Belgrade,"temperate,continental",
STP,STP,São Tomé and Príncipe,981.46,9,São Tomé,tropical,
SUR,SUR,Suriname,144934.63,411,Paramaribo,tropical,
SVK,SVK,Slovakia,48488.04,220,Bratislava,continental,
SVN,SVN,Slovenia,20244.59,107,Ljubljana,"temperate,continental",
SWE,SWE,Sweden,445650.58,2603,Stockholm,continental,
SWZ,SWZ,Eswatini,16961.67,41,Mbabane,"temperate,arid",
SYC,SYC,Seychelles,173.63,9,Victoria,tropical,
SYR,SYR,Syria,185958.85,580,Damascus,arid,
TCD-r01,TCD,Chad · Batha,638979.88,1675,N'Djamena,"arid,tropical",parent total cannot form two minimum-sized regions
TCD-r02,TCD,Chad · Borkou,627584.36,1757,Kanem centre,arid,parent total cannot form two minimum-sized regions
TGO,TGO,Togo,56901.43,184,Lomé,tropical,
THA,THA,Thailand,513909.83,1505,Bangkok,tropical,
TJK,TJK,Tajikistan,142395.49,488,Dushanbe,"polar,arid",
TKM,TKM,Turkmenistan,471028.7,1573,Ashgabat,arid,
TLS,TLS,East Timor,14958.3,58,Dili,tropical,
TON,TON,Tonga,430.33,9,Nuku'alofa,tropical,
TTO,TTO,Trinidad and Tobago,5081.77,28,Port-of-Spain,tropical,
TUN,TUN,Tunisia,156616.65,535,Tunis,arid,
TUR,TUR,Turkey,780476.04,2691,Ankara,"temperate,continental",
TUV,TUV,Tuvalu,10.21,9,Tuvalu centre,tropical,
TWN,TWN,Taiwan,35915.51,122,Taipei,temperate,
TZA,TZA,Tanzania,941735.02,2464,Dar es Salaam,tropical,
UGA,UGA,Uganda,241474.24,664,Kampala,tropical,
UKR,UKR,Ukraine,571972.92,2342,Kyiv,continental,
URY,URY,Uruguay,177467.52,570,Montevideo,temperate,
USA-r01,USA,United States of America · Yukon-Koyukuk,749845.71,4335,Fairbanks,continental,connected component total cannot form two minimum-sized regions
USA-r02,USA,United States of America · North Slope,749493.36,5088,Anchorage,"continental,polar",connected component total cannot form two minimum-sized regions
USA-r03,USA,United States of America · Western District,119.96,3,Pago Pago,tropical,isolated administrative/overseas component smaller than the minimum; no arbitrary overseas merge
USA-r04,USA,United States of America · Guam,480.42,6,Agana,tropical,isolated administrative/overseas component smaller than the minimum; no arbitrary overseas merge
USA-r05,USA,United States of America · Saipan,264.5,7,Rota centre,tropical,isolated administrative/overseas component smaller than the minimum; no arbitrary overseas merge
USA-r06,USA,United States of America · Northern Mariana Islands,127.65,4,Northern Mariana Islands centre,tropical,isolated administrative/overseas component smaller than the minimum; no arbitrary overseas merge
USA-r07,USA,United States of America · Puerto Rico,8915.17,42,San Juan,tropical,isolated administrative/overseas component smaller than the minimum; no arbitrary overseas merge
USA-r08,USA,United States of America · Michigan,980206.71,3441,Philadelphia,continental,
USA-r09,USA,United States of America · Oregon,1012106.05,3561,Seattle,"continental,arid",
USA-r10,USA,United States of America · Montana,1015028.96,3726,Fargo,"arid,continental",
USA-r11,USA,United States of America · Hawaii,16239.92,80,Honolulu,"tropical,temperate",isolated administrative/overseas component smaller than the minimum; no arbitrary overseas merge
USA-r12,USA,United States of America · California,991578.41,3179,Los Angeles,"arid,temperate",
USA-r13,USA,United States of America · New Mexico,1005020.04,3235,Denver,"arid,continental",
USA-r14,USA,United States of America · Texas,1003713.73,2984,Dallas,"temperate,arid",
USA-r15,USA,United States of America · Kansas,944888.14,3131,"Washington,  D.C.","temperate,continental",
USA-r16,USA,United States of America · Georgia,987663.21,3237,Miami,temperate,
USA-r17,USA,United States of America · Saint Croix,314.81,8,Saint Thomas centre,tropical,isolated administrative/overseas component smaller than the minimum; no arbitrary overseas merge
UZB,UZB,Uzbekistan,448019.08,1672,Tashkent,arid,
VAT,VAT,Vatican City,0.71,9,Vatican City centre,temperate,
VCT,VCT,St Vincent & Grenadines,309.91,10,Saint Vincent and the Grenadines centre,tropical,
VEN,VEN,Venezuela,910445.54,2485,Caracas,tropical,
VNM,VNM,Vietnam,327847.6,1012,Hanoi,"tropical,temperate",
VUT,VUT,Vanuatu,11253.61,79,Port Vila,tropical,
WSM,WSM,Samoa,2691.71,18,Apia,tropical,
YEM,YEM,Yemen,452563.83,1260,Sanaa,arid,
ZAF-r01,ZAF,South Africa · Northern Cape,603312.49,1670,Upington,arid,parent total cannot form two minimum-sized regions
ZAF-r02,ZAF,South Africa · Eastern Cape,616729.36,1933,Bloemfontein,"arid,temperate",parent total cannot form two minimum-sized regions
ZMB,ZMB,Zambia,752776.58,2028,Lusaka,"temperate,tropical",
ZWE,ZWE,Zimbabwe,388994.0,1098,Harare,"arid,temperate",
